"Guid","Name","SBQQ__MethodName__c","SBQQ__Version__c"
045dec43-361a-49b7-8284-7f7af98b2aa7,a2XHs000007ViUe,CalculatorReferencedFieldRemover,228.7
07bc07fe-ca17-44ef-955b-c44ee361d95e,a2XHs000007ViUO,createViewConsumptionScheduleLineAction,228.7
0a2e8621-3582-445a-8d22-5483cfff253b,a2XHs000007ViUd,SBQQ.InstallProcessorBatchQuantityEditable,228.7
0c3e8dab-16da-49a7-92e0-b2e3dbda29e2,a2XHs000007ViUh,SBQQ.BatchableDSExclusionGenerator,228.7
1616ec64-6139-4a51-b6d6-b06f4006876e,a2XHs000007ViUP,createExternalConfiguratorCustomAction,228.7
2fb4ab64-8ca0-4540-8faa-a61d9b6f8156,a2XHs000007ViUT,enableFlagToPreventBackdatedAmendments,228.7
37705a7c-3357-498d-b6a2-e46d33e2f2da,a2XHs000007ViUW,SBQQ.BatchablePluginTranspileUtil,228.7
38bba005-f025-4735-aa2d-a310feff26a0,a2XHs000007ViUo,SBQQ.ProductRuleRefFieldGenerator,228.7
429f9416-a395-46c0-95ce-ed8676faeca2,a2XHs000007ViUg,SBQQ.InstallProcessorBatchLocalizationIndex,228.7
44e8dc83-3872-4a37-8c5f-a866df2a1c20,a2XHs000007ViUl,SBQQ.CustomActionRefFieldGenerator,228.7
46ac0fd0-88b4-43b6-8209-f4bf91086a16,a2XHs000007ViUj,SBQQ.PriceRuleRefFieldGenerator,228.7
4d5d4091-9884-4d50-b3c3-8d08b652d780,a2XHs000007ViUZ,SBQQ.InstallProcessorBatchAssetCombineKey,228.7
7f821308-342b-4662-9438-42d681b0f75c,a2XHs000007ViUq,SBQQ.RootIdSetterParentAssets,228.7
863cca3a-29b2-45f6-9662-18f587d7ccd0,a2XHs000007ViUr,SBQQ.RootIdSetterChildAssets,228.7
8b18d15b-a244-4ab3-8443-86acc50da843,a2XHs000007ViUV,SBQQ.InstallProcessorBatchRegularPrice,228.7
a8a696b6-2d21-449b-8ef1-fd98f3e8b7b0,a2XHs000007ViUa,SBQQ.DiscountScheduleRefFieldGenerator,228.7
ad2a6051-41d2-48db-8dc2-54bac36a8493,a2XHs000007ViUQ,createAmendSubscriptionsCustomQleAction,228.7
ad36068b-64d4-4925-9f4d-4034839039e5,a2XHs000007ViUf,SBQQ.ReferencedFieldRemover,228.7
ae2d521f-1cb2-47a9-b4a3-147c4c20efdd,a2XHs000007ViUn,SBQQ.RootIdSetterParentSubscriptions,228.7
ba437a33-6b6b-4f47-aff2-903af874b8c5,a2XHs000007ViUs,SBQQ.RootIdSetterChildSubscriptions,228.7
bd09c4c0-d82a-494e-8b3f-bf45a2e4f7da,a2XHs000007ViUU,createAddRecommendedProductsAction,228.7
c1dbed51-36a6-4be2-ae4d-0da18cd12af8,a2XHs000007ViUm,SBQQ.ProductRefFieldGenerator,228.7
c3e1b7aa-2571-48f5-97ff-25e35f61c149,a2XHs000007ViUX,SBQQ.InstallProcessorBatchQLIPriceBookEntry,228.7
d3d7a6a8-7a94-4101-852d-2e48c13b2465,a2XHs000007ViUi,SBQQ.InstallProcessorBatchThemeGenerator,228.7
dd4f88ec-7836-4a75-a8f2-65497fd520b2,a2XHs000007ViUk,SBQQ.InstallProcessorBatchHasCS,228.7
e1f10dfd-c492-4e65-9b20-ccb37e8ec7ab,a2XHs000007ViUS,createConfiguratorEditRulesAction,228.7
e5cf2499-cc2d-4993-82ec-e0e6facbd04c,a2XHs000007ViUc,SBQQ.SummaryVarRefFieldGenerator,228.7
e8522e67-5cbb-4915-b0aa-9768acfc6a5f,a2XHs000007ViUp,SBQQ.BatchableConfigAttrReferencedFieldUtil,228.7
e947cc10-95b1-4c5f-b376-041cd0cf24df,a2XHs000007ViUb,updateOIsWithAssetsContractsSubs,228.7
ed35a56b-fef5-45c1-867e-11eb88ceb041,a2XHs000007ViUY,SBQQ.InstallProcessorBatchRequiredByAsset,228.7
f0343dcc-71db-45d0-942d-ed10bea8bb45,a2XHs000007ViUR,viewPricingGuidanceLineAction,228.7
fe27d33e-daab-4186-8c14-49e2bbce5af2,a2XHs000007ViUN,createCustomActionsOnQLE,228.7
